search_text,calendar_id,record_type,region_id,region_name,fiscal_year,year,month,collection_type_id,collection_type,collection_dates,group,period_start,period_end,areas,note,source_page
松山市 清水地区 2026年4月 ごみカレンダー。可燃ごみの収集日・収集予定は、2026年4月3日（金）、2026年4月7日（火）、2026年4月10日（金）、2026年4月14日（火）、2026年4月17日（金）、2026年4月21日（火）、2026年4月24日（金）、2026年4月28日（火）です。,shimizu_2026_04_combustible,monthly_collection_schedule,shimizu,清水地区,2026,2026,4,combustible,可燃ごみ,2026-04-03|2026-04-07|2026-04-10|2026-04-14|2026-04-17|2026-04-21|2026-04-24|2026-04-28,,,,,,1
松山市 清水地区 2026年4月 ごみカレンダー。埋立ごみの収集日・収集予定は、2026年4月22日（水）です。,shimizu_2026_04_landfill,monthly_collection_schedule,shimizu,清水地区,2026,2026,4,landfill,埋立ごみ,2026-04-22,,,,,,1
松山市 清水地区 2026年4月 ごみカレンダー。金物・ガラス類の収集日・収集予定は、2026年4月2日（木）、2026年4月16日（木）、2026年4月30日（木）です。,shimizu_2026_04_metal_glass,monthly_collection_schedule,shimizu,清水地区,2026,2026,4,metal_glass,金物・ガラス類,2026-04-02|2026-04-16|2026-04-30,,,,,,1
松山市 清水地区 2026年4月 ごみカレンダー。紙類の収集日・収集予定は、2026年4月9日（木）、2026年4月23日（木）です。,shimizu_2026_04_paper,monthly_collection_schedule,shimizu,清水地区,2026,2026,4,paper,紙類,2026-04-09|2026-04-23,,,,,,1
松山市 清水地区 2026年4月 ごみカレンダー。ペットボトルの収集日・収集予定は、2026年4月1日（水）、2026年4月15日（水）です。,shimizu_2026_04_pet_bottle,monthly_collection_schedule,shimizu,清水地区,2026,2026,4,pet_bottle,ペットボトル,2026-04-01|2026-04-15,,,,,,1
松山市 清水地区 2026年4月 ごみカレンダー。プラスチック製容器包装の収集日・収集予定は、2026年4月6日（月）、2026年4月13日（月）、2026年4月20日（月）、2026年4月27日（月）です。,shimizu_2026_04_plastic_packaging,monthly_collection_schedule,shimizu,清水地区,2026,2026,4,plastic_packaging,プラスチック製容器包装,2026-04-06|2026-04-13|2026-04-20|2026-04-27,,,,,,1
松山市 清水地区 2026年5月 ごみカレンダー。可燃ごみの収集日・収集予定は、2026年5月1日（金）、2026年5月5日（火）、2026年5月8日（金）、2026年5月12日（火）、2026年5月15日（金）、2026年5月19日（火）、2026年5月22日（金）、2026年5月26日（火）、2026年5月29日（金）です。,shimizu_2026_05_combustible,monthly_collection_schedule,shimizu,清水地区,2026,2026,5,combustible,可燃ごみ,2026-05-01|2026-05-05|2026-05-08|2026-05-12|2026-05-15|2026-05-19|2026-05-22|2026-05-26|2026-05-29,,,,,,1
松山市 清水地区 2026年5月 ごみカレンダー。埋立ごみの収集日・収集予定は、2026年5月27日（水）です。,shimizu_2026_05_landfill,monthly_collection_schedule,shimizu,清水地区,2026,2026,5,landfill,埋立ごみ,2026-05-27,,,,,,1
松山市 清水地区 2026年5月 ごみカレンダー。金物・ガラス類の収集日・収集予定は、2026年5月14日（木）、2026年5月28日（木）です。,shimizu_2026_05_metal_glass,monthly_collection_schedule,shimizu,清水地区,2026,2026,5,metal_glass,金物・ガラス類,2026-05-14|2026-05-28,,,,,,1
松山市 清水地区 2026年5月 ごみカレンダー。紙類の収集日・収集予定は、2026年5月7日（木）、2026年5月21日（木）です。,shimizu_2026_05_paper,monthly_collection_schedule,shimizu,清水地区,2026,2026,5,paper,紙類,2026-05-07|2026-05-21,,,,,,1
松山市 清水地区 2026年5月 ごみカレンダー。ペットボトルの収集日・収集予定は、2026年5月6日（水）、2026年5月20日（水）です。,shimizu_2026_05_pet_bottle,monthly_collection_schedule,shimizu,清水地区,2026,2026,5,pet_bottle,ペットボトル,2026-05-06|2026-05-20,,,,,,1
松山市 清水地区 2026年5月 ごみカレンダー。プラスチック製容器包装の収集日・収集予定は、2026年5月4日（月）、2026年5月11日（月）、2026年5月18日（月）、2026年5月25日（月）です。,shimizu_2026_05_plastic_packaging,monthly_collection_schedule,shimizu,清水地区,2026,2026,5,plastic_packaging,プラスチック製容器包装,2026-05-04|2026-05-11|2026-05-18|2026-05-25,,,,,,1
松山市 清水地区 2026年6月 ごみカレンダー。可燃ごみの収集日・収集予定は、2026年6月2日（火）、2026年6月5日（金）、2026年6月9日（火）、2026年6月12日（金）、2026年6月16日（火）、2026年6月19日（金）、2026年6月23日（火）、2026年6月26日（金）、2026年6月30日（火）です。,shimizu_2026_06_combustible,monthly_collection_schedule,shimizu,清水地区,2026,2026,6,combustible,可燃ごみ,2026-06-02|2026-06-05|2026-06-09|2026-06-12|2026-06-16|2026-06-19|2026-06-23|2026-06-26|2026-06-30,,,,,,1
松山市 清水地区 2026年6月 ごみカレンダー。埋立ごみの収集日・収集予定は、2026年6月24日（水）です。,shimizu_2026_06_landfill,monthly_collection_schedule,shimizu,清水地区,2026,2026,6,landfill,埋立ごみ,2026-06-24,,,,,,1
松山市 清水地区 2026年6月 ごみカレンダー。水銀ごみの収集日・収集予定は、2026年6月10日（水）です。,shimizu_2026_06_mercury,monthly_collection_schedule,shimizu,清水地区,2026,2026,6,mercury,水銀ごみ,2026-06-10,,,,,,1
松山市 清水地区 2026年6月 ごみカレンダー。金物・ガラス類の収集日・収集予定は、2026年6月11日（木）、2026年6月25日（木）です。,shimizu_2026_06_metal_glass,monthly_collection_schedule,shimizu,清水地区,2026,2026,6,metal_glass,金物・ガラス類,2026-06-11|2026-06-25,,,,,,1
松山市 清水地区 2026年6月 ごみカレンダー。紙類の収集日・収集予定は、2026年6月4日（木）、2026年6月18日（木）です。,shimizu_2026_06_paper,monthly_collection_schedule,shimizu,清水地区,2026,2026,6,paper,紙類,2026-06-04|2026-06-18,,,,,,1
松山市 清水地区 2026年6月 ごみカレンダー。ペットボトルの収集日・収集予定は、2026年6月3日（水）、2026年6月17日（水）です。,shimizu_2026_06_pet_bottle,monthly_collection_schedule,shimizu,清水地区,2026,2026,6,pet_bottle,ペットボトル,2026-06-03|2026-06-17,,,,,,1
松山市 清水地区 2026年6月 ごみカレンダー。プラスチック製容器包装の収集日・収集予定は、2026年6月1日（月）、2026年6月8日（月）、2026年6月15日（月）、2026年6月22日（月）、2026年6月29日（月）です。,shimizu_2026_06_plastic_packaging,monthly_collection_schedule,shimizu,清水地区,2026,2026,6,plastic_packaging,プラスチック製容器包装,2026-06-01|2026-06-08|2026-06-15|2026-06-22|2026-06-29,,,,,,1
松山市 清水地区 2026年7月 ごみカレンダー。可燃ごみの収集日・収集予定は、2026年7月3日（金）、2026年7月7日（火）、2026年7月10日（金）、2026年7月14日（火）、2026年7月17日（金）、2026年7月21日（火）、2026年7月24日（金）、2026年7月28日（火）、2026年7月31日（金）です。,shimizu_2026_07_combustible,monthly_collection_schedule,shimizu,清水地区,2026,2026,7,combustible,可燃ごみ,2026-07-03|2026-07-07|2026-07-10|2026-07-14|2026-07-17|2026-07-21|2026-07-24|2026-07-28|2026-07-31,,,,,,1
松山市 清水地区 2026年7月 ごみカレンダー。埋立ごみの収集日・収集予定は、2026年7月22日（水）です。,shimizu_2026_07_landfill,monthly_collection_schedule,shimizu,清水地区,2026,2026,7,landfill,埋立ごみ,2026-07-22,,,,,,1
松山市 清水地区 2026年7月 ごみカレンダー。金物・ガラス類の収集日・収集予定は、2026年7月9日（木）、2026年7月23日（木）です。,shimizu_2026_07_metal_glass,monthly_collection_schedule,shimizu,清水地区,2026,2026,7,metal_glass,金物・ガラス類,2026-07-09|2026-07-23,,,,,,1
松山市 清水地区 2026年7月 ごみカレンダー。紙類の収集日・収集予定は、2026年7月2日（木）、2026年7月16日（木）、2026年7月30日（木）です。,shimizu_2026_07_paper,monthly_collection_schedule,shimizu,清水地区,2026,2026,7,paper,紙類,2026-07-02|2026-07-16|2026-07-30,,,,,,1
松山市 清水地区 2026年7月 ごみカレンダー。ペットボトルの収集日・収集予定は、2026年7月1日（水）、2026年7月15日（水）です。,shimizu_2026_07_pet_bottle,monthly_collection_schedule,shimizu,清水地区,2026,2026,7,pet_bottle,ペットボトル,2026-07-01|2026-07-15,,,,,,1
松山市 清水地区 2026年7月 ごみカレンダー。プラスチック製容器包装の収集日・収集予定は、2026年7月6日（月）、2026年7月13日（月）、2026年7月20日（月）、2026年7月27日（月）です。,shimizu_2026_07_plastic_packaging,monthly_collection_schedule,shimizu,清水地区,2026,2026,7,plastic_packaging,プラスチック製容器包装,2026-07-06|2026-07-13|2026-07-20|2026-07-27,,,,,,1
松山市 清水地区 2026年8月 ごみカレンダー。可燃ごみの収集日・収集予定は、2026年8月4日（火）、2026年8月7日（金）、2026年8月11日（火）、2026年8月14日（金）、2026年8月18日（火）、2026年8月21日（金）、2026年8月25日（火）、2026年8月28日（金）です。,shimizu_2026_08_combustible,monthly_collection_schedule,shimizu,清水地区,2026,2026,8,combustible,可燃ごみ,2026-08-04|2026-08-07|2026-08-11|2026-08-14|2026-08-18|2026-08-21|2026-08-25|2026-08-28,,,,,,1
松山市 清水地区 2026年8月 ごみカレンダー。埋立ごみの収集日・収集予定は、2026年8月26日（水）です。,shimizu_2026_08_landfill,monthly_collection_schedule,shimizu,清水地区,2026,2026,8,landfill,埋立ごみ,2026-08-26,,,,,,1
松山市 清水地区 2026年8月 ごみカレンダー。金物・ガラス類の収集日・収集予定は、2026年8月6日（木）、2026年8月20日（木）です。,shimizu_2026_08_metal_glass,monthly_collection_schedule,shimizu,清水地区,2026,2026,8,metal_glass,金物・ガラス類,2026-08-06|2026-08-20,,,,,,1
松山市 清水地区 2026年8月 ごみカレンダー。紙類の収集日・収集予定は、2026年8月13日（木）、2026年8月27日（木）です。,shimizu_2026_08_paper,monthly_collection_schedule,shimizu,清水地区,2026,2026,8,paper,紙類,2026-08-13|2026-08-27,,,,,,1
松山市 清水地区 2026年8月 ごみカレンダー。ペットボトルの収集日・収集予定は、2026年8月5日（水）、2026年8月19日（水）です。,shimizu_2026_08_pet_bottle,monthly_collection_schedule,shimizu,清水地区,2026,2026,8,pet_bottle,ペットボトル,2026-08-05|2026-08-19,,,,,,1
松山市 清水地区 2026年8月 ごみカレンダー。プラスチック製容器包装の収集日・収集予定は、2026年8月3日（月）、2026年8月10日（月）、2026年8月17日（月）、2026年8月24日（月）、2026年8月31日（月）です。,shimizu_2026_08_plastic_packaging,monthly_collection_schedule,shimizu,清水地区,2026,2026,8,plastic_packaging,プラスチック製容器包装,2026-08-03|2026-08-10|2026-08-17|2026-08-24|2026-08-31,,,,,,1
松山市 清水地区 2026年9月 ごみカレンダー。可燃ごみの収集日・収集予定は、2026年9月1日（火）、2026年9月4日（金）、2026年9月8日（火）、2026年9月11日（金）、2026年9月15日（火）、2026年9月18日（金）、2026年9月22日（火）、2026年9月25日（金）、2026年9月29日（火）です。,shimizu_2026_09_combustible,monthly_collection_schedule,shimizu,清水地区,2026,2026,9,combustible,可燃ごみ,2026-09-01|2026-09-04|2026-09-08|2026-09-11|2026-09-15|2026-09-18|2026-09-22|2026-09-25|2026-09-29,,,,,,1
松山市 清水地区 2026年9月 ごみカレンダー。埋立ごみの収集日・収集予定は、2026年9月23日（水）です。,shimizu_2026_09_landfill,monthly_collection_schedule,shimizu,清水地区,2026,2026,9,landfill,埋立ごみ,2026-09-23,,,,,,1
松山市 清水地区 2026年9月 ごみカレンダー。水銀ごみの収集日・収集予定は、2026年9月9日（水）です。,shimizu_2026_09_mercury,monthly_collection_schedule,shimizu,清水地区,2026,2026,9,mercury,水銀ごみ,2026-09-09,,,,,,1
松山市 清水地区 2026年9月 ごみカレンダー。金物・ガラス類の収集日・収集予定は、2026年9月3日（木）、2026年9月17日（木）です。,shimizu_2026_09_metal_glass,monthly_collection_schedule,shimizu,清水地区,2026,2026,9,metal_glass,金物・ガラス類,2026-09-03|2026-09-17,,,,,,1
松山市 清水地区 2026年9月 ごみカレンダー。紙類の収集日・収集予定は、2026年9月10日（木）、2026年9月24日（木）です。,shimizu_2026_09_paper,monthly_collection_schedule,shimizu,清水地区,2026,2026,9,paper,紙類,2026-09-10|2026-09-24,,,,,,1
松山市 清水地区 2026年9月 ごみカレンダー。ペットボトルの収集日・収集予定は、2026年9月2日（水）、2026年9月16日（水）です。,shimizu_2026_09_pet_bottle,monthly_collection_schedule,shimizu,清水地区,2026,2026,9,pet_bottle,ペットボトル,2026-09-02|2026-09-16,,,,,,1
松山市 清水地区 2026年9月 ごみカレンダー。プラスチック製容器包装の収集日・収集予定は、2026年9月7日（月）、2026年9月14日（月）、2026年9月21日（月）、2026年9月28日（月）です。,shimizu_2026_09_plastic_packaging,monthly_collection_schedule,shimizu,清水地区,2026,2026,9,plastic_packaging,プラスチック製容器包装,2026-09-07|2026-09-14|2026-09-21|2026-09-28,,,,,,1
松山市 清水地区 2026年10月 ごみカレンダー。可燃ごみの収集日・収集予定は、2026年10月2日（金）、2026年10月6日（火）、2026年10月9日（金）、2026年10月13日（火）、2026年10月16日（金）、2026年10月20日（火）、2026年10月23日（金）、2026年10月27日（火）、2026年10月30日（金）です。,shimizu_2026_10_combustible,monthly_collection_schedule,shimizu,清水地区,2026,2026,10,combustible,可燃ごみ,2026-10-02|2026-10-06|2026-10-09|2026-10-13|2026-10-16|2026-10-20|2026-10-23|2026-10-27|2026-10-30,,,,,,1
松山市 清水地区 2026年10月 ごみカレンダー。埋立ごみの収集日・収集予定は、2026年10月28日（水）です。,shimizu_2026_10_landfill,monthly_collection_schedule,shimizu,清水地区,2026,2026,10,landfill,埋立ごみ,2026-10-28,,,,,,1
松山市 清水地区 2026年10月 ごみカレンダー。金物・ガラス類の収集日・収集予定は、2026年10月1日（木）、2026年10月15日（木）、2026年10月29日（木）です。,shimizu_2026_10_metal_glass,monthly_collection_schedule,shimizu,清水地区,2026,2026,10,metal_glass,金物・ガラス類,2026-10-01|2026-10-15|2026-10-29,,,,,,1
松山市 清水地区 2026年10月 ごみカレンダー。紙類の収集日・収集予定は、2026年10月8日（木）、2026年10月22日（木）です。,shimizu_2026_10_paper,monthly_collection_schedule,shimizu,清水地区,2026,2026,10,paper,紙類,2026-10-08|2026-10-22,,,,,,1
松山市 清水地区 2026年10月 ごみカレンダー。ペットボトルの収集日・収集予定は、2026年10月21日（水）です。,shimizu_2026_10_pet_bottle,monthly_collection_schedule,shimizu,清水地区,2026,2026,10,pet_bottle,ペットボトル,2026-10-21,,,,,,1
松山市 清水地区 2026年10月 ごみカレンダー。プラスチック製容器包装の収集日・収集予定は、2026年10月5日（月）、2026年10月12日（月）、2026年10月19日（月）、2026年10月26日（月）です。,shimizu_2026_10_plastic_packaging,monthly_collection_schedule,shimizu,清水地区,2026,2026,10,plastic_packaging,プラスチック製容器包装,2026-10-05|2026-10-12|2026-10-19|2026-10-26,,,,,,1
松山市 清水地区 2026年11月 ごみカレンダー。可燃ごみの収集日・収集予定は、2026年11月3日（火）、2026年11月6日（金）、2026年11月10日（火）、2026年11月13日（金）、2026年11月17日（火）、2026年11月20日（金）、2026年11月24日（火）、2026年11月27日（金）です。,shimizu_2026_11_combustible,monthly_collection_schedule,shimizu,清水地区,2026,2026,11,combustible,可燃ごみ,2026-11-03|2026-11-06|2026-11-10|2026-11-13|2026-11-17|2026-11-20|2026-11-24|2026-11-27,,,,,,1
松山市 清水地区 2026年11月 ごみカレンダー。埋立ごみの収集日・収集予定は、2026年11月25日（水）です。,shimizu_2026_11_landfill,monthly_collection_schedule,shimizu,清水地区,2026,2026,11,landfill,埋立ごみ,2026-11-25,,,,,,1
松山市 清水地区 2026年11月 ごみカレンダー。金物・ガラス類の収集日・収集予定は、2026年11月12日（木）、2026年11月26日（木）です。,shimizu_2026_11_metal_glass,monthly_collection_schedule,shimizu,清水地区,2026,2026,11,metal_glass,金物・ガラス類,2026-11-12|2026-11-26,,,,,,1
松山市 清水地区 2026年11月 ごみカレンダー。紙類の収集日・収集予定は、2026年11月5日（木）、2026年11月19日（木）です。,shimizu_2026_11_paper,monthly_collection_schedule,shimizu,清水地区,2026,2026,11,paper,紙類,2026-11-05|2026-11-19,,,,,,1
松山市 清水地区 2026年11月 ごみカレンダー。ペットボトルの収集日・収集予定は、2026年11月4日（水）、2026年11月18日（水）です。,shimizu_2026_11_pet_bottle,monthly_collection_schedule,shimizu,清水地区,2026,2026,11,pet_bottle,ペットボトル,2026-11-04|2026-11-18,,,,,,1
松山市 清水地区 2026年11月 ごみカレンダー。プラスチック製容器包装の収集日・収集予定は、2026年11月2日（月）、2026年11月9日（月）、2026年11月16日（月）、2026年11月23日（月）、2026年11月30日（月）です。,shimizu_2026_11_plastic_packaging,monthly_collection_schedule,shimizu,清水地区,2026,2026,11,plastic_packaging,プラスチック製容器包装,2026-11-02|2026-11-09|2026-11-16|2026-11-23|2026-11-30,,,,,,1
松山市 清水地区 2026年12月 ごみカレンダー。可燃ごみの収集日・収集予定は、2026年12月1日（火）、2026年12月4日（金）、2026年12月8日（火）、2026年12月11日（金）、2026年12月15日（火）、2026年12月18日（金）、2026年12月22日（火）、2026年12月25日（金）、2026年12月29日（火）です。,shimizu_2026_12_combustible,monthly_collection_schedule,shimizu,清水地区,2026,2026,12,combustible,可燃ごみ,2026-12-01|2026-12-04|2026-12-08|2026-12-11|2026-12-15|2026-12-18|2026-12-22|2026-12-25|2026-12-29,,,,,,1
松山市 清水地区 2026年12月 ごみカレンダー。埋立ごみの収集日・収集予定は、2026年12月23日（水）です。,shimizu_2026_12_landfill,monthly_collection_schedule,shimizu,清水地区,2026,2026,12,landfill,埋立ごみ,2026-12-23,,,,,,1
松山市 清水地区 2026年12月 ごみカレンダー。水銀ごみの収集日・収集予定は、2026年12月9日（水）です。,shimizu_2026_12_mercury,monthly_collection_schedule,shimizu,清水地区,2026,2026,12,mercury,水銀ごみ,2026-12-09,,,,,,1
松山市 清水地区 2026年12月 ごみカレンダー。金物・ガラス類の収集日・収集予定は、2026年12月10日（木）、2026年12月24日（木）です。,shimizu_2026_12_metal_glass,monthly_collection_schedule,shimizu,清水地区,2026,2026,12,metal_glass,金物・ガラス類,2026-12-10|2026-12-24,,,,,,1
松山市 清水地区 2026年12月 ごみカレンダー。紙類の収集日・収集予定は、2026年12月3日（木）、2026年12月17日（木）、2026年12月31日（木）です。,shimizu_2026_12_paper,monthly_collection_schedule,shimizu,清水地区,2026,2026,12,paper,紙類,2026-12-03|2026-12-17|2026-12-31,,,,,,1
松山市 清水地区 2026年12月 ごみカレンダー。ペットボトルの収集日・収集予定は、2026年12月2日（水）、2026年12月16日（水）です。,shimizu_2026_12_pet_bottle,monthly_collection_schedule,shimizu,清水地区,2026,2026,12,pet_bottle,ペットボトル,2026-12-02|2026-12-16,,,,,,1
松山市 清水地区 2026年12月 ごみカレンダー。プラスチック製容器包装の収集日・収集予定は、2026年12月7日（月）、2026年12月14日（月）、2026年12月21日（月）、2026年12月28日（月）です。,shimizu_2026_12_plastic_packaging,monthly_collection_schedule,shimizu,清水地区,2026,2026,12,plastic_packaging,プラスチック製容器包装,2026-12-07|2026-12-14|2026-12-21|2026-12-28,,,,,,1
松山市 清水地区 2027年1月 ごみカレンダー。可燃ごみの収集日・収集予定は、2027年1月5日（火）、2027年1月8日（金）、2027年1月12日（火）、2027年1月15日（金）、2027年1月19日（火）、2027年1月22日（金）、2027年1月26日（火）、2027年1月29日（金）です。,shimizu_2027_01_combustible,monthly_collection_schedule,shimizu,清水地区,2026,2027,1,combustible,可燃ごみ,2027-01-05|2027-01-08|2027-01-12|2027-01-15|2027-01-19|2027-01-22|2027-01-26|2027-01-29,,,,,,1
松山市 清水地区 2027年1月 ごみカレンダー。埋立ごみの収集日・収集予定は、2027年1月27日（水）です。,shimizu_2027_01_landfill,monthly_collection_schedule,shimizu,清水地区,2026,2027,1,landfill,埋立ごみ,2027-01-27,,,,,,1
松山市 清水地区 2027年1月 ごみカレンダー。金物・ガラス類の収集日・収集予定は、2027年1月7日（木）、2027年1月21日（木）です。,shimizu_2027_01_metal_glass,monthly_collection_schedule,shimizu,清水地区,2026,2027,1,metal_glass,金物・ガラス類,2027-01-07|2027-01-21,,,,,,1
松山市 清水地区 2027年1月 ごみカレンダー。紙類の収集日・収集予定は、2027年1月14日（木）、2027年1月28日（木）です。,shimizu_2027_01_paper,monthly_collection_schedule,shimizu,清水地区,2026,2027,1,paper,紙類,2027-01-14|2027-01-28,,,,,,1
松山市 清水地区 2027年1月 ごみカレンダー。ペットボトルの収集日・収集予定は、2027年1月6日（水）、2027年1月20日（水）です。,shimizu_2027_01_pet_bottle,monthly_collection_schedule,shimizu,清水地区,2026,2027,1,pet_bottle,ペットボトル,2027-01-06|2027-01-20,,,,,,1
松山市 清水地区 2027年1月 ごみカレンダー。プラスチック製容器包装の収集日・収集予定は、2027年1月4日（月）、2027年1月11日（月）、2027年1月18日（月）、2027年1月25日（月）です。,shimizu_2027_01_plastic_packaging,monthly_collection_schedule,shimizu,清水地区,2026,2027,1,plastic_packaging,プラスチック製容器包装,2027-01-04|2027-01-11|2027-01-18|2027-01-25,,,,,,1
松山市 清水地区 2027年2月 ごみカレンダー。可燃ごみの収集日・収集予定は、2027年2月2日（火）、2027年2月5日（金）、2027年2月9日（火）、2027年2月12日（金）、2027年2月16日（火）、2027年2月19日（金）、2027年2月23日（火）、2027年2月26日（金）です。,shimizu_2027_02_combustible,monthly_collection_schedule,shimizu,清水地区,2026,2027,2,combustible,可燃ごみ,2027-02-02|2027-02-05|2027-02-09|2027-02-12|2027-02-16|2027-02-19|2027-02-23|2027-02-26,,,,,,1
松山市 清水地区 2027年2月 ごみカレンダー。埋立ごみの収集日・収集予定は、2027年2月24日（水）です。,shimizu_2027_02_landfill,monthly_collection_schedule,shimizu,清水地区,2026,2027,2,landfill,埋立ごみ,2027-02-24,,,,,,1
松山市 清水地区 2027年2月 ごみカレンダー。金物・ガラス類の収集日・収集予定は、2027年2月4日（木）、2027年2月18日（木）です。,shimizu_2027_02_metal_glass,monthly_collection_schedule,shimizu,清水地区,2026,2027,2,metal_glass,金物・ガラス類,2027-02-04|2027-02-18,,,,,,1
松山市 清水地区 2027年2月 ごみカレンダー。紙類の収集日・収集予定は、2027年2月11日（木）、2027年2月25日（木）です。,shimizu_2027_02_paper,monthly_collection_schedule,shimizu,清水地区,2026,2027,2,paper,紙類,2027-02-11|2027-02-25,,,,,,1
松山市 清水地区 2027年2月 ごみカレンダー。ペットボトルの収集日・収集予定は、2027年2月3日（水）、2027年2月17日（水）です。,shimizu_2027_02_pet_bottle,monthly_collection_schedule,shimizu,清水地区,2026,2027,2,pet_bottle,ペットボトル,2027-02-03|2027-02-17,,,,,,1
松山市 清水地区 2027年2月 ごみカレンダー。プラスチック製容器包装の収集日・収集予定は、2027年2月1日（月）、2027年2月8日（月）、2027年2月15日（月）、2027年2月22日（月）です。,shimizu_2027_02_plastic_packaging,monthly_collection_schedule,shimizu,清水地区,2026,2027,2,plastic_packaging,プラスチック製容器包装,2027-02-01|2027-02-08|2027-02-15|2027-02-22,,,,,,1
松山市 清水地区 2027年3月 ごみカレンダー。可燃ごみの収集日・収集予定は、2027年3月2日（火）、2027年3月5日（金）、2027年3月9日（火）、2027年3月12日（金）、2027年3月16日（火）、2027年3月19日（金）、2027年3月23日（火）、2027年3月26日（金）、2027年3月30日（火）です。,shimizu_2027_03_combustible,monthly_collection_schedule,shimizu,清水地区,2026,2027,3,combustible,可燃ごみ,2027-03-02|2027-03-05|2027-03-09|2027-03-12|2027-03-16|2027-03-19|2027-03-23|2027-03-26|2027-03-30,,,,,,1
松山市 清水地区 2027年3月 ごみカレンダー。埋立ごみの収集日・収集予定は、2027年3月24日（水）です。,shimizu_2027_03_landfill,monthly_collection_schedule,shimizu,清水地区,2026,2027,3,landfill,埋立ごみ,2027-03-24,,,,,,1
松山市 清水地区 2027年3月 ごみカレンダー。水銀ごみの収集日・収集予定は、2027年3月10日（水）です。,shimizu_2027_03_mercury,monthly_collection_schedule,shimizu,清水地区,2026,2027,3,mercury,水銀ごみ,2027-03-10,,,,,,1
松山市 清水地区 2027年3月 ごみカレンダー。金物・ガラス類の収集日・収集予定は、2027年3月4日（木）、2027年3月18日（木）です。,shimizu_2027_03_metal_glass,monthly_collection_schedule,shimizu,清水地区,2026,2027,3,metal_glass,金物・ガラス類,2027-03-04|2027-03-18,,,,,,1
松山市 清水地区 2027年3月 ごみカレンダー。紙類の収集日・収集予定は、2027年3月11日（木）、2027年3月25日（木）です。,shimizu_2027_03_paper,monthly_collection_schedule,shimizu,清水地区,2026,2027,3,paper,紙類,2027-03-11|2027-03-25,,,,,,1
松山市 清水地区 2027年3月 ごみカレンダー。ペットボトルの収集日・収集予定は、2027年3月3日（水）、2027年3月17日（水）です。,shimizu_2027_03_pet_bottle,monthly_collection_schedule,shimizu,清水地区,2026,2027,3,pet_bottle,ペットボトル,2027-03-03|2027-03-17,,,,,,1
松山市 清水地区 2027年3月 ごみカレンダー。プラスチック製容器包装の収集日・収集予定は、2027年3月1日（月）、2027年3月8日（月）、2027年3月15日（月）、2027年3月22日（月）、2027年3月29日（月）です。,shimizu_2027_03_plastic_packaging,monthly_collection_schedule,shimizu,清水地区,2026,2027,3,plastic_packaging,プラスチック製容器包装,2027-03-01|2027-03-08|2027-03-15|2027-03-22|2027-03-29,,,,,,1
松山市 清水地区 2026年10月 ごみカレンダー。収集休止日は、2026年10月7日（水）です。10月7日はごみ収集はありません。,shimizu_2026_10_suspension,collection_suspension,shimizu,清水地区,2026,2026,10,,収集休止,2026-10-07,,,,,10月7日はごみ収集はありません。,1
松山市 清水地区 2027年1月 ごみカレンダー。収集休止日は、2027年1月1日（金）、2027年1月2日（土）、2027年1月3日（日）です。カレンダー上で収集休止と表示されています。,shimizu_2027_01_suspension,collection_suspension,shimizu,清水地区,2026,2027,1,,収集休止,2027-01-01|2027-01-02|2027-01-03,,,,,カレンダー上で収集休止と表示されています。,1
松山市 清水地区 2026年度 ごみカレンダー。可燃ごみの通常の収集周期は毎週火曜日・金曜日です。,shimizu_pattern_combustible,collection_pattern,shimizu,清水地区,2026,,,combustible,可燃ごみ,,,,,,毎週火曜日・金曜日,1
松山市 清水地区 2026年度 ごみカレンダー。プラスチック製容器包装の通常の収集周期は毎週月曜日です。,shimizu_pattern_plastic_packaging,collection_pattern,shimizu,清水地区,2026,,,plastic_packaging,プラスチック製容器包装,,,,,,毎週月曜日,1
松山市 清水地区 2026年度 ごみカレンダー。ペットボトルの通常の収集周期は第1・第3水曜日です。,shimizu_pattern_pet_bottle,collection_pattern,shimizu,清水地区,2026,,,pet_bottle,ペットボトル,,,,,,第1・第3水曜日,1
松山市 清水地区 2026年度 ごみカレンダー。紙類の通常の収集周期は隔週の木曜日です。,shimizu_pattern_paper,collection_pattern,shimizu,清水地区,2026,,,paper,紙類,,,,,,隔週の木曜日,1
松山市 清水地区 2026年度 ごみカレンダー。金物・ガラス類の通常の収集周期は隔週の木曜日です。,shimizu_pattern_metal_glass,collection_pattern,shimizu,清水地区,2026,,,metal_glass,金物・ガラス類,,,,,,隔週の木曜日,1
松山市 清水地区 2026年度 ごみカレンダー。埋立ごみの通常の収集周期は毎月第4水曜日です。,shimizu_pattern_landfill,collection_pattern,shimizu,清水地区,2026,,,landfill,埋立ごみ,,,,,,毎月第4水曜日,1
松山市 清水地区 2026年度 ごみカレンダー。水銀ごみの通常の収集周期は6月・9月・12月・3月の第2水曜日です。,shimizu_pattern_mercury,collection_pattern,shimizu,清水地区,2026,,,mercury,水銀ごみ,,,,,,6月・9月・12月・3月の第2水曜日,1
松山市 清水地区 粗大ごみ申込期間。C区分の申込期間は2026年4月1日から2026年4月14日までです。,shimizu_bulky_C_01,bulky_application_period,shimizu,清水地区,2026,,,bulky,粗大ごみ,,C,2026-04-01,2026-04-14,,粗大ごみ申込期間,1
松山市 清水地区 粗大ごみ申込期間。C区分の申込期間は2026年6月3日から2026年6月16日までです。,shimizu_bulky_C_02,bulky_application_period,shimizu,清水地区,2026,,,bulky,粗大ごみ,,C,2026-06-03,2026-06-16,,粗大ごみ申込期間,1
松山市 清水地区 粗大ごみ申込期間。C区分の申込期間は2026年7月29日から2026年8月11日までです。,shimizu_bulky_C_03,bulky_application_period,shimizu,清水地区,2026,,,bulky,粗大ごみ,,C,2026-07-29,2026-08-11,,粗大ごみ申込期間,1
松山市 清水地区 粗大ごみ申込期間。C区分の申込期間は2026年9月30日から2026年10月13日までです。,shimizu_bulky_C_04,bulky_application_period,shimizu,清水地区,2026,,,bulky,粗大ごみ,,C,2026-09-30,2026-10-13,,粗大ごみ申込期間,1
松山市 清水地区 粗大ごみ申込期間。C区分の申込期間は2026年11月25日から2026年12月8日までです。,shimizu_bulky_C_05,bulky_application_period,shimizu,清水地区,2026,,,bulky,粗大ごみ,,C,2026-11-25,2026-12-08,,粗大ごみ申込期間,1
松山市 清水地区 粗大ごみ申込期間。C区分の申込期間は2027年2月3日から2027年2月16日までです。,shimizu_bulky_C_06,bulky_application_period,shimizu,清水地区,2026,,,bulky,粗大ごみ,,C,2027-02-03,2027-02-16,,粗大ごみ申込期間,1
松山市 清水地区 粗大ごみ申込期間。D区分の申込期間は2026年4月15日から2026年4月28日までです。,shimizu_bulky_D_01,bulky_application_period,shimizu,清水地区,2026,,,bulky,粗大ごみ,,D,2026-04-15,2026-04-28,,粗大ごみ申込期間,1
松山市 清水地区 粗大ごみ申込期間。D区分の申込期間は2026年6月17日から2026年6月30日までです。,shimizu_bulky_D_02,bulky_application_period,shimizu,清水地区,2026,,,bulky,粗大ごみ,,D,2026-06-17,2026-06-30,,粗大ごみ申込期間,1
松山市 清水地区 粗大ごみ申込期間。D区分の申込期間は2026年8月19日から2026年9月1日までです。,shimizu_bulky_D_03,bulky_application_period,shimizu,清水地区,2026,,,bulky,粗大ごみ,,D,2026-08-19,2026-09-01,,粗大ごみ申込期間,1
松山市 清水地区 粗大ごみ申込期間。D区分の申込期間は2026年10月14日から2026年10月27日までです。,shimizu_bulky_D_04,bulky_application_period,shimizu,清水地区,2026,,,bulky,粗大ごみ,,D,2026-10-14,2026-10-27,,粗大ごみ申込期間,1
松山市 清水地区 粗大ごみ申込期間。D区分の申込期間は2026年12月9日から2026年12月22日までです。,shimizu_bulky_D_05,bulky_application_period,shimizu,清水地区,2026,,,bulky,粗大ごみ,,D,2026-12-09,2026-12-22,,粗大ごみ申込期間,1
松山市 清水地区 粗大ごみ申込期間。D区分の申込期間は2027年2月17日から2027年3月2日までです。,shimizu_bulky_D_06,bulky_application_period,shimizu,清水地区,2026,,,bulky,粗大ごみ,,D,2027-02-17,2027-03-02,,粗大ごみ申込期間,1
松山市 清水地区 粗大ごみ申込区分。D区分は、萱町6丁目、衣山1丁目、平和通5丁目、木屋町1丁目、木屋町2丁目、吉藤2丁目です。,shimizu_bulky_area_D,bulky_area_group,shimizu,清水地区,2026,,,bulky,粗大ごみ,,D,,,萱町6丁目|衣山1丁目|平和通5丁目|木屋町1丁目|木屋町2丁目|吉藤2丁目,,1
松山市 清水地区 粗大ごみ申込区分。C区分は、D区分に記載された地区以外にお住まいの方です。,shimizu_bulky_area_C,bulky_area_group,shimizu,清水地区,2026,,,bulky,粗大ごみ,,C,,,,D区分に記載された地区以外にお住まいの方,1
